{
  "numeric": {
    "Fase": {
      "mean": 2.104651162790698,
      "std": 1.789205811652795,
      "p05": 0.0,
      "p95": 5.0
    },
    "Ano nasc": {
      "mean": 2009.8575581395348,
      "std": 2.7354373129595606,
      "p05": 2005.0,
      "p95": 2014.0
    },
    "Idade 22": {
      "mean": 12.142441860465116,
      "std": 2.7354373129595606,
      "p05": 8.0,
      "p95": 17.0
    },
    "Ano ingresso": {
      "mean": 2020.4651162790697,
      "std": 1.7943559732038126,
      "p05": 2017.0,
      "p95": 2022.0
    },
    "INDE 22": {
      "mean": 7.048614825581396,
      "std": 1.0267784988264486,
      "p05": 5.0749,
      "p95": 8.440399999999999
    },
    "Cg": {
      "mean": 426.1889534883721,
      "std": 249.15715899402647,
      "p05": 42.400000000000006,
      "p95": 816.65
    },
    "Cf": {
      "mean": 74.59302325581395,
      "std": 51.72332542659555,
      "p05": 6.0,
      "p95": 167.29999999999995
    },
    "Ct": {
      "mean": 6.5813953488372094,
      "std": 3.9494336252149327,
      "p05": 1.0,
      "p95": 14.0
    },
    "Nº Av": {
      "mean": 3.063953488372093,
      "std": 0.7711985221895632,
      "p05": 2.0,
      "p95": 4.0
    },
    "IAA": {
      "mean": 8.288808139534884,
      "std": 2.030746162083649,
      "p05": 5.4,
      "p95": 10.0
    },
    "IEG": {
      "mean": 7.924273255813953,
      "std": 1.6474542714424736,
      "p05": 4.5,
      "p95": 9.8
    },
    "IPS": {
      "mean": 6.897674418604652,
      "std": 1.081447860690521,
      "p05": 5.0,
      "p95": 8.1
    },
    "IDA": {
      "mean": 6.1056686046511635,
      "std": 2.0752514180977344,
      "p05": 2.3,
      "p95": 9.1
    },
    "Matem": {
      "mean": 5.794468704512373,
      "std": 2.4550571580539042,
      "p05": 1.3,
      "p95": 9.4
    },
    "Portug": {
      "mean": 6.345269286754004,
      "std": 2.0930334731256406,
      "p05": 2.2300000000000004,
      "p95": 9.2
    },
    "Inglês": {
      "mean": 5.950884955752213,
      "std": 2.971877645357764,
      "p05": 0.2,
      "p95": 9.7
    },
    "IPV": {
      "mean": 7.262482558139535,
      "std": 1.0822620259064057,
      "p05": 5.2416,
      "p95": 8.833
    },
    "IAN": {
      "mean": 6.424418604651163,
      "std": 2.3859355849368233,
      "p05": 5.0,
      "p95": 10.0
    },
    "anos_no_programa": {
      "mean": 3.5348837209302326,
      "std": 1.7943559732038123,
      "p05": 2.0,
      "p95": 7.0
    },
    "media_notas": {
      "mean": 6.105992236778263,
      "std": 2.062708896301812,
      "p05": 2.265,
      "p95": 9.1
    },
    "media_indices_pede": {
      "mean": 7.085259811046512,
      "std": 1.2748787140906341,
      "p05": 4.6836,
      "p95": 8.795575
    },
    "atingiu_pv_bin": {
      "mean": 0.12936046511627908,
      "std": 0.33559847315084584,
      "p05": 0.0,
      "p95": 1.0
    },
    "indicado_bin": {
      "mean": 0.14534883720930233,
      "std": 0.35245219921459714,
      "p05": 0.0,
      "p95": 1.0
    }
  },
  "categorical": {
    "Turma": {
      "A": 0.11627906976744186,
      "B": 0.10174418604651163,
      "L": 0.09593023255813954,
      "F": 0.08575581395348837,
      "K": 0.07703488372093023,
      "D": 0.055232558139534885,
      "M": 0.04941860465116279,
      "N": 0.04215116279069767,
      "U": 0.03924418604651163,
      "G": 0.03924418604651163,
      "P": 0.03924418604651163,
      "J": 0.0377906976744186,
      "C": 0.036337209302325583,
      "H": 0.02616279069767442,
      "E": 0.02616279069767442,
      "I": 0.024709302325581394,
      "R": 0.024709302325581394,
      "Q": 0.02180232558139535,
      "O": 0.015988372093023256,
      "Y": 0.01308139534883721
    },
    "Gênero": {
      "Menina": 0.5319767441860465,
      "Menino": 0.4680232558139535
    },
    "Instituição de ensino": {
      "Escola Pública": 0.8648255813953488,
      "Rede Decisão": 0.13226744186046513,
      "Escola JP II": 0.0029069767441860465
    },
    "Pedra 20": {
      "NA": 0.6148255813953488,
      "Ametista": 0.21511627906976744,
      "Topázio": 0.07848837209302326,
      "Ágata": 0.06540697674418605,
      "Quartzo": 0.02616279069767442
    },
    "Pedra 21": {
      "NA": 0.45203488372093026,
      "Ametista": 0.24563953488372092,
      "Ágata": 0.14098837209302326,
      "Topázio": 0.1002906976744186,
      "Quartzo": 0.061046511627906974
    },
    "Pedra 22": {
      "Ametista": 0.4055232558139535,
      "Ágata": 0.28488372093023256,
      "Topázio": 0.15843023255813954,
      "Quartzo": 0.1511627906976744
    },
    "Avaliador1": {
      "Avaliador-6": 0.29941860465116277,
      "Avaliador-5": 0.26453488372093026,
      "Avaliador-13": 0.1380813953488372,
      "Avaliador-4": 0.13517441860465115,
      "Avaliador-11": 0.08284883720930232,
      "Avaliador-7": 0.07994186046511628
    },
    "Rec Av1": {
      "Mantido na Fase atual": 0.49127906976744184,
      "Promovido de Fase": 0.32703488372093026,
      "Promovido de Fase + Bolsa": 0.1686046511627907,
      "Mantido na Fase + Bolsa": 0.00872093023255814,
      "Não avaliado": 0.0029069767441860465,
      "Alocado em Fase anterior": 0.0014534883720930232
    },
    "Avaliador2": {
      "Avaliador-27": 0.4011627906976744,
      "Avaliador-3": 0.29505813953488375,
      "Avaliador-2": 0.28488372093023256,
      "Avaliador-30": 0.0188953488372093
    },
    "Rec Av2": {
      "Mantido na Fase atual": 0.6569767441860465,
      "Promovido de Fase": 0.3081395348837209,
      "Promovido de Fase + Bolsa": 0.027616279069767442,
      "Mantido na Fase + Bolsa": 0.00436046511627907,
      "Não avaliado": 0.0029069767441860465
    },
    "Avaliador3": {
      "NA": 0.376453488372093,
      "Avaliador-30": 0.2616279069767442,
      "Avaliador-15": 0.22965116279069767,
      "Avaliador-24": 0.059593023255813955,
      "Avaliador-28": 0.04505813953488372,
      "Avaliador-31": 0.0188953488372093,
      "Avaliador-29": 0.00872093023255814
    },
    "Rec Av3": {
      "Mantido na Fase atual": 0.3561046511627907,
      "Promovido de Fase": 0.2863372093023256,
      "Não avaliado": 0.26744186046511625,
      "Promovido de Fase + Bolsa": 0.06395348837209303,
      "Mantido na Fase + Bolsa": 0.020348837209302327,
      "Alocado em Fase anterior": 0.005813953488372093
    },
    "Avaliador4": {
      "NA": 0.6409883720930233,
      "Avaliador-31": 0.35901162790697677
    },
    "Rec Av4": {
      "NA": 0.6497093023255814,
      "Promovido de Fase": 0.1119186046511628,
      "Promovido de Fase + Bolsa": 0.10319767441860465,
      "Mantido na Fase atual": 0.07122093023255814,
      "Alocado em Fase anterior": 0.04796511627906977,
      "Mantido na Fase + Bolsa": 0.015988372093023256
    },
    "Rec Psicologia": {
      "Não atendido": 0.4694767441860465,
      "Sem limitações": 0.29069767441860467,
      "Requer avaliação": 0.19476744186046513,
      "Não indicado": 0.04215116279069767,
      "Não avaliado": 0.0029069767441860465
    },
    "Indicado": {
      "Não": 0.8546511627906976,
      "Sim": 0.14534883720930233
    },
    "Atingiu PV": {
      "Não": 0.8706395348837209,
      "Sim": 0.12936046511627908
    }
  }
}